kernel,author,kernel_datasets,competition,kernel_versions,forks,comments,views,votes,organization,size,competition_discussion,competitors,competition_kernels,author_competitions,cmp_tier,author_kernels,scpt_tier,author_discussions,dsc_tier,author_followers,author_following
practical-eda-on-numerical-data,aantonova,1,rsna-pneumonia-detection-challenge,2,19,8,2418,62,RSNA,3929641043,162,1856,185,4,2,12,3,40,2,46,1
chexnet-radiologist-level-pneumonia-detection,ashishpatel26,1,rsna-pneumonia-detection-challenge,4,79,5,5197,53,RSNA,3929641043,162,1856,185,33,2,181,4,375,3,356,56
home-credit-default-analysis,ashishpatel26,1,home-credit-default-risk,1,100,8,3792,54,home-credit-group,721615855,502,8487,602,33,2,181,4,375,3,356,56
predict-sales-price-using-xgboost,ashishpatel26,1,competitive-data-science-predict-future-sales,3,135,11,4532,42,None,14948480,48,2474,187,33,2,181,4,375,3,356,56
mean-average-precision-metric,chenyc15,1,rsna-pneumonia-detection-challenge,2,25,21,2868,52,RSNA,3929641043,162,1856,185,18,2,4,2,1,2,9,2
start-here-beginner-intro-to-lung-opacity-s1,giuliasavorgnan,1,rsna-pneumonia-detection-challenge,18,97,22,3332,54,RSNA,3929641043,162,1856,185,3,2,3,2,21,2,8,8
rsna-pneumonia-detection-eda,gpreda,1,rsna-pneumonia-detection-challenge,13,83,9,2687,56,RSNA,3929641043,162,1856,185,24,3,57,4,608,3,394,58
santander-value-prediction-extensive-eda,gpreda,1,santander-value-prediction-challenge,12,57,12,3588,51,santander,32980766,260,5002,292,24,3,57,4,608,3,394,58
only-cat-boost-lb-0-0641-939,abdelwahedassklou,1,zillow-prize-1,1,143,41,5913,62,zillow,356283921,423,4355,803,22,4,1,2,34,2,22,1
xgboost-lightgbm-and-ols,aharless,1,zillow-prize-1,109,319,34,16331,68,zillow,356283921,423,4355,803,11,3,239,4,1113,4,586,54
xgboost-lightgbm-and-ols-and-nn,aharless,1,zillow-prize-1,61,182,19,10910,54,zillow,356283921,423,4355,803,11,3,239,4,1113,4,586,54
kaggle-runnable-version-of-baris-kanber-s-lightgbm,aharless,1,talkingdata-adtracking-fraud-detection,20,149,16,3965,55,talkingdata,742845507,374,4734,434,11,3,239,4,1113,4,586,54
boosted-trees-lb-0-0643707,davidfumo,1,zillow-prize-1,60,238,12,10994,59,zillow,356283921,423,4355,803,16,3,44,2,224,3,28,46
ml-ensemble-scikit-learn-style-ensemble-learning,flennerhag,1,zillow-prize-1,6,131,34,12104,61,zillow,356283921,423,4355,803,1,1,1,1,13,1,2,0
simple-eda-geo-data-time-series,kueipo,1,zillow-prize-1,23,87,16,7293,74,zillow,356283921,423,4355,803,12,4,9,3,121,3,86,51
base-on-froza-pascal-single-xgb-lb-0-284,kueipo,1,porto-seguro-safe-driver-prediction,2,79,17,4859,59,porto-seguro,42791471,428,5864,435,12,4,9,3,121,3,86,51
concise-catboost-starter-ensemble-plb-0-06435,seesee,1,zillow-prize-1,6,187,16,4969,56,zillow,356283921,423,4355,803,21,4,3,2,73,2,29,21
unet-with-simple-resnet-blocks,abhilashawasthi,1,tgs-salt-identification-challenge,13,566,20,6365,50,tgscompany,209893567,392,3808,220,39,4,44,3,104,3,58,11
introduction-to-u-net-with-simple-resnet-blocks,deepaksinghrawat,1,tgs-salt-identification-challenge,6,361,12,5113,52,tgscompany,209893567,392,3808,220,10,2,1,2,10,2,7,24
u-net-with-simple-resnet-blocks-forked,divrikwicky,1,tgs-salt-identification-challenge,6,551,25,8004,63,tgscompany,209893567,392,3808,220,22,4,8,3,174,3,169,14
goto-pytorch-baseline,dremovd,1,tgs-salt-identification-challenge,9,93,6,4783,53,tgscompany,209893567,392,3808,220,78,4,8,3,185,3,20,0
fake-incorrect-training-masks,pestipeti,1,tgs-salt-identification-challenge,5,45,23,3120,57,tgscompany,209893567,392,3808,220,9,2,10,3,190,3,42,15
keras-cnn-starter,pestipeti,1,humpback-whale-identification,3,199,18,4784,67,kaggle,5909812987,116,2003,140,9,2,10,3,190,3,42,15
u-net-resnet-v3-stratifiedkfold,shaojiaxin,1,tgs-salt-identification-challenge,1,144,70,4869,58,tgscompany,209893567,392,3808,220,1,2,3,2,169,2,51,5
basic-data-visualization-using-pytorch-dataset,skainkaryam,1,tgs-salt-identification-challenge,2,55,9,5377,63,tgscompany,209893567,392,3808,220,0,1,1,1,31,1,5,1
maybe-something-interesting-here,abhishek,1,petfinder-adoption-prediction,5,67,15,2919,52,petfinder,2086233373,100,1183,176,144,5,26,3,1223,4,1112,0
eda-and-ensembling,carlolepelaars,1,petfinder-adoption-prediction,44,46,18,1859,41,petfinder,2086233373,100,1183,176,9,2,7,3,331,3,37,74
extract-image-features-from-pretrained-nn,christofhenkel,1,petfinder-adoption-prediction,2,75,17,1851,63,petfinder,2086233373,100,1183,176,10,4,17,4,351,4,277,9
keras-starter,christofhenkel,1,quora-insincere-questions-classification,5,77,5,1210,52,quora,6475626955,430,4734,751,10,4,17,4,351,4,277,9
text2image-top-1,christofhenkel,1,avito-demand-prediction,3,57,3,1997,58,avitoru,0,224,2363,255,10,4,17,4,351,4,277,9
using-train-active-for-training-word-embeddings,christofhenkel,1,avito-demand-prediction,6,42,20,3529,61,avitoru,0,224,2363,255,10,4,17,4,351,4,277,9
eda-for-all-and-preprocessed-vars-except-images,jaseziv83,1,petfinder-adoption-prediction,23,24,32,2335,66,petfinder,2086233373,100,1183,176,5,2,12,2,49,2,5,4
feature-engineering-and-model-ensemble,kawaiy,1,petfinder-adoption-prediction,10,1,2,62,1,petfinder,2086233373,100,1183,176,7,2,2,2,3,2,0,0
petfinder-simple-lgbm-baseline,skooch,1,petfinder-adoption-prediction,37,324,10,3381,48,petfinder,2086233373,100,1183,176,9,1,24,1,30,1,10,0
allstate-feature-analysis-python,achalshah,1,allstate-claims-severity,13,67,28,9546,60,allstate,23966334,168,3088,1206,5,2,5,2,16,2,0,0
allstate-eda,dmi3kno,1,allstate-claims-severity,5,26,27,11254,72,allstate,23966334,168,3088,1206,10,3,47,3,274,3,23,1
allstate-fingerprints-eda,dmi3kno,1,allstate-claims-severity,14,12,13,4554,54,allstate,23966334,168,3088,1206,10,3,47,3,274,3,23,1
my-first-time-series-comp-added-prophet,adityaecdrid,1,demand-forecasting-kernels-only,29,139,24,7341,73,kaggle,3472330,15,494,165,13,2,9,3,443,3,41,84
keeping-it-simple-by-xyzt,thexyzt,1,demand-forecasting-kernels-only,27,112,21,4029,59,kaggle,3472330,15,494,165,6,2,2,2,4,2,7,0
xyzt-s-visualizations-and-various-tsp-solvers,thexyzt,1,traveling-santa-2018-prime-paths,22,186,13,5385,71,kaggle,4232822,131,2083,147,6,2,2,2,4,2,7,0
nextclick-calculation-without-hashing-trick,asydorchuk,1,talkingdata-adtracking-fraud-detection,3,19,24,2852,58,talkingdata,742845507,374,4734,434,6,4,2,2,38,2,16,5
save-98-of-ram,asydorchuk,1,santander-value-prediction-challenge,4,16,15,3869,69,santander,32980766,260,5002,292,6,4,2,2,38,2,16,5
ip-encoding-looks-ok-data-is-clean,its7171,1,talkingdata-adtracking-fraud-detection,2,30,15,3501,68,talkingdata,742845507,374,4734,434,21,4,20,3,56,2,92,7
r-lgbm-single-model-40m-rows-lb-0-9736,krishnakesavan,1,talkingdata-adtracking-fraud-detection,4,198,31,5996,70,talkingdata,742845507,374,4734,434,57,3,2,2,4,2,7,0
baseline-the-channel-is-important-for-download,mapodoufu,1,talkingdata-adtracking-fraud-detection,6,45,15,3408,51,talkingdata,742845507,374,4734,434,11,4,1,2,20,2,33,7
lightgbm-with-count-features,rteja1113,1,talkingdata-adtracking-fraud-detection,3,119,20,6089,71,talkingdata,742845507,374,4734,434,12,3,6,2,158,3,22,32
giba-darragh-ftrl-rerevisited,titericz,1,talkingdata-adtracking-fraud-detection,1,59,10,3341,57,talkingdata,742845507,374,4734,434,129,5,52,3,457,4,4902,23
giba-countvectorizer-d-lb-1-43,titericz,1,santander-value-prediction-challenge,1,61,21,3867,67,santander,32980766,260,5002,292,129,5,52,3,457,4,4902,23
data-dictionary,airbourne,1,microsoft-malware-prediction,5,9,14,1349,56,Microsoft,1586591476,143,1712,135,4,2,2,2,6,2,0,3
neural-network-malware-0-67,cdeotte,1,microsoft-malware-prediction,3,45,15,1418,37,Microsoft,1586591476,143,1712,135,3,2,11,3,517,3,106,0
how-to-choose-cnn-architecture-mnist,cdeotte,1,digit-recognizer,11,42,32,4533,56,kaggle,16054448,327,2616,7051,3,2,11,3,517,3,106,0
malware-prediction-eda,datark1,1,microsoft-malware-prediction,19,30,12,2833,58,Microsoft,1586591476,143,1712,135,1,2,12,3,8,2,10,11
ms-malware-starter,kailex,1,microsoft-malware-prediction,8,120,17,2879,62,Microsoft,1586591476,143,1712,135,34,3,27,4,289,3,186,41
santander-eda-features,kailex,1,santander-value-prediction-challenge,27,69,10,4388,51,santander,32980766,260,5002,292,34,3,27,4,289,3,186,41
xgb-features-1-4,kailex,1,santander-value-prediction-challenge,18,128,25,5854,57,santander,32980766,260,5002,292,34,3,27,4,289,3,186,41
microsoft-libffm-munger,scirpus,1,microsoft-malware-prediction,1,29,22,1727,51,Microsoft,1586591476,143,1712,135,74,3,157,4,1234,5,286,1
hybrid-jeepy-and-lgb-ii,scirpus,1,home-credit-default-risk,1,110,28,2815,65,home-credit-group,721615855,502,8487,602,74,3,157,4,1234,5,286,1
santander-gp-clustering-ii,scirpus,1,santander-value-prediction-challenge,10,182,34,5370,70,santander,32980766,260,5002,292,74,3,157,4,1234,5,286,1
big-gp,scirpus,1,porto-seguro-safe-driver-prediction,3,42,29,5150,61,porto-seguro,42791471,428,5864,435,74,3,157,4,1234,5,286,1
eda-with-python-datatable,tunguz,1,microsoft-malware-prediction,14,29,16,1700,52,Microsoft,1586591476,143,1712,135,132,4,198,4,936,5,2304,374
malware-feature-engineering-full-train-and-test,tunguz,1,microsoft-malware-prediction,1,66,11,3021,57,Microsoft,1586591476,143,1712,135,132,4,198,4,936,5,2304,374
final-bla-bla,alexandruuu,1,quora-insincere-questions-classification,1,1,0,87,0,quora,6475626955,430,4734,751,3,1,8,1,0,1,0,0
different-embeddings-with-attention-fork,danofer,1,quora-insincere-questions-classification,1,95,4,1914,50,quora,6475626955,430,4734,751,63,3,114,3,302,3,48,7
pytorch-starter,hengzheng,1,quora-insincere-questions-classification,4,202,12,2845,68,quora,6475626955,430,4734,751,7,2,10,2,33,2,6,17
topic-modeling-on-quora-insincere-questions,konohayui,1,quora-insincere-questions-classification,11,68,12,2419,70,quora,6475626955,430,4734,751,8,3,25,3,177,3,18,17
third-place-model-for-toxic-comments-in-pytorch,mlwhiz,1,quora-insincere-questions-classification,2,137,11,2548,65,quora,6475626955,430,4734,751,17,2,17,2,116,3,5,6
adding-an-auxiliary-task,mschumacher,1,quora-insincere-questions-classification,12,28,10,2663,72,quora,6475626955,430,4734,751,4,2,2,2,114,3,17,2
eli5-shap-lgbm-lr-interpretable-ml,nicapotato,1,quora-insincere-questions-classification,16,59,10,1582,61,quora,6475626955,430,4734,751,28,2,54,4,323,3,116,110
simple-catboost,nicapotato,1,avito-demand-prediction,15,81,10,6461,59,avitoru,0,224,2363,255,28,2,54,4,323,3,116,110
embeddings-cnn-lstm-models-lb-0-683,nikhilroxtomar,1,quora-insincere-questions-classification,5,129,7,3169,58,quora,6475626955,430,4734,751,7,2,27,3,47,2,10,4
compressing-a-binary-submission-within-a-string,paulorzp,1,quora-insincere-questions-classification,2,188,23,3385,30,quora,6475626955,430,4734,751,74,3,43,4,179,3,206,12
run-length-encode-and-decode,paulorzp,1,carvana-image-masking-challenge,8,45,12,12076,54,carvana,26218775838,156,895,81,74,3,43,4,179,3,206,12
handle-overfitting-error-analysis-of-glove-gru,ratthachat,1,quora-insincere-questions-classification,12,22,20,1457,62,quora,6475626955,430,4734,751,3,2,2,2,155,3,14,7
feature-engineering-for-nlp-classification,shaz13,1,quora-insincere-questions-classification,5,72,12,1838,62,quora,6475626955,430,4734,751,17,3,15,3,375,3,161,39
single-rnn-with-5-folds-snapshot-ensemble,shujian,1,quora-insincere-questions-classification,6,159,20,3124,59,quora,6475626955,430,4734,751,48,4,22,4,799,4,648,142
test-the-difficulty-of-this-classification-tasks,shujian,1,quora-insincere-questions-classification,4,14,3,1330,59,quora,6475626955,430,4734,751,48,4,22,4,799,4,648,142
transformer-initial-attempt,shujian,1,quora-insincere-questions-classification,10,62,16,1970,63,quora,6475626955,430,4734,751,48,4,22,4,799,4,648,142
lstm-attention-baseline-0-672-lb,suicaokhoailang,1,quora-insincere-questions-classification,7,134,7,4700,59,quora,6475626955,430,4734,751,12,2,18,4,163,3,85,3
5-fold-lstm-with-threshold-tuning-0-618-lb,suicaokhoailang,1,vsb-power-line-fault-detection,4,237,23,3246,57,Enet-Centre-VSB,10732217622,62,875,52,12,2,18,4,163,3,85,3
simple-lstm-with-r,taindow,1,quora-insincere-questions-classification,2,33,4,2059,42,quora,6475626955,430,4734,751,11,3,4,2,109,3,20,32
improve-your-score-with-text-preprocessing-v2,theoviel,1,quora-insincere-questions-classification,9,95,6,2290,67,quora,6475626955,430,4734,751,9,2,15,3,96,3,27,10
tutorial-detailed-spooky-fun-eda-and-modelling,ambarish,1,spooky-author-identification,74,17,34,4965,60,kaggle,1899460,81,1366,219,25,2,88,4,597,3,339,25
ghastly-network-and-d3-js-force-directed-graphs,arthurtok,1,spooky-author-identification,46,26,18,4290,62,kaggle,1899460,81,1366,219,10,2,31,5,313,3,1283,2
zoomable-circle-packing-via-d3-js-in-ipython,arthurtok,1,text-normalization-challenge-english-language,40,20,15,3983,55,google,100248363,60,703,73,10,2,31,5,313,3,1283,2
lsa-model-on-spooky-author-data,bsivavenu,1,spooky-author-identification,22,21,21,3569,66,kaggle,1899460,81,1366,219,2,2,25,3,103,2,75,35
scary-nlp-with-spacy-and-keras,enerrio,1,spooky-author-identification,22,116,17,12167,52,kaggle,1899460,81,1366,219,4,1,4,1,4,1,4,1
work-like-a-pro-with-pipelines-and-feature-unions,metadist,1,spooky-author-identification,2,58,9,7990,60,kaggle,1899460,81,1366,219,10,2,2,2,30,2,2,0
fast-exploratory-data-analysis-in-r,amorsili,1,data-science-bowl-2017,8,14,1,3280,66,BoozAllenHamilton,0,252,2674,2937,5,2,3,2,2,2,1,0
exploratory-analysis-visualization,apapiu,1,data-science-bowl-2017,29,33,4,4933,53,BoozAllenHamilton,0,252,2674,2937,24,4,85,3,111,3,252,13
exploring-kobe-s-shots,apapiu,1,kobe-bryant-shot-selection,8,38,7,14525,67,kaggle,738206,35,1217,325,24,4,85,3,111,3,252,13
manifold-learning-and-autoencoders,apapiu,1,digit-recognizer,21,59,8,6411,55,kaggle,16054448,327,2616,7051,24,4,85,3,111,3,252,13
object-oriented-santa-s-route-concorde-solver,andresionek,1,traveling-santa-2018-prime-paths,47,104,14,4234,71,kaggle,4232822,131,2083,147,2,2,7,3,114,2,48,10
lkh-solver,jsaguiar,1,traveling-santa-2018-prime-paths,7,212,4,3352,71,kaggle,4232822,131,2083,147,7,3,24,3,215,3,49,35
scoring-function,zfturbo,1,traveling-santa-2018-prime-paths,5,22,8,2670,51,kaggle,4232822,131,2083,147,90,5,58,4,302,3,1022,6
happiness-vs-gift-popularity-v2-0-89,zfturbo,1,santa-gift-matching,14,83,10,5177,74,kaggle,175093041,82,785,54,90,5,58,4,302,3,1022,6
seizure-boost-0-6-lb,zfturbo,1,melbourne-university-seizure-prediction,24,112,26,12776,58,None,0,167,1140,482,90,5,58,4,302,3,1022,6
explore-user-base-by-geo,andreyg,1,outbrain-click-prediction,2,50,10,6336,71,outbrain,39009059446,95,1349,956,7,4,2,2,20,2,17,8
exploratory-data-analysis,anokas,1,grupo-bimbo-inventory-demand,17,107,16,21092,71,None,510072542,154,2300,737,63,5,146,4,540,4,2313,46
python3-dataset-downloader-with-progress-bar,anokas,1,landmark-recognition-challenge,5,43,25,7529,54,google,1624946,99,645,43,63,5,146,4,540,4,2313,46
simple-nn-baseline,anycode,1,pubg-finish-placement-prediction,46,125,53,4905,51,kaggle,371366670,78,1780,488,5,2,13,2,97,2,13,2
lightgbm-baseline,chocozzz,1,pubg-finish-placement-prediction,28,339,27,4368,58,kaggle,371366670,78,1780,488,12,2,32,3,329,3,43,17
simple-data-exploration-with-python-lb-3-764,chocozzz,1,elo-merchant-category-recommendation,5,76,3,3370,52,elobrazil,633810167,258,4038,247,12,2,32,3,329,3,43,17
neural-network-using-sgd,jcodogno,1,digit-recognizer,141,135,43,7993,52,kaggle,16054448,327,2616,7051,1,2,4,2,22,2,3,5
mnist-image-class-tensorflow-cnn-99-51-test-acc,raoulma,1,digit-recognizer,41,222,20,14600,66,kaggle,16054448,327,2616,7051,2,2,7,3,26,2,53,0
mnist,sherrytan,1,digit-recognizer,2,0,0,65,1,kaggle,16054448,327,2616,7051,2,1,2,1,0,1,0,0
a-very-comprehensive-tutorial-nn-cnn,shivamb,1,digit-recognizer,6,66,9,4859,55,kaggle,16054448,327,2616,7051,11,2,42,5,610,3,896,29
eda-basic-fe-and-lgb,artgor,1,home-credit-default-risk,18,43,39,3628,59,home-credit-group,721615855,502,8487,602,46,3,36,4,513,3,263,0
understand-variables-in-chinese,fanzzz,1,home-credit-default-risk,13,40,17,2647,56,home-credit-group,721615855,502,8487,602,1,1,3,1,3,1,4,0
auto-feature-generation-featuretools-example,frednavruzov,1,home-credit-default-risk,3,62,15,4225,47,home-credit-group,721615855,502,8487,602,20,2,11,3,146,3,88,4
instacart-exploratory-data-analysis,frednavruzov,1,instacart-market-basket-analysis,10,81,32,5710,74,instacart,207298414,345,2666,706,20,2,11,3,146,3,88,4
simple-exploration-of-all-200-variables,ganeshn88,1,home-credit-default-risk,24,63,20,5645,64,home-credit-group,721615855,502,8487,602,7,2,15,3,74,2,15,19
beware-of-categorical-features-in-lgbm,mlisovyi,1,home-credit-default-risk,8,6,26,5672,53,home-credit-group,721615855,502,8487,602,10,2,22,3,305,3,52,12
credit-card-balance-feature-engineering,shanth84,1,home-credit-default-risk,2,38,7,3293,57,home-credit-group,721615855,502,8487,602,4,2,9,3,192,3,10,7
eda-baseline-model-using-application,sz8416,1,home-credit-default-risk,27,95,24,5273,60,home-credit-group,721615855,502,8487,602,2,2,5,3,133,3,32,19
exploratory-tutorial-titanic,arthurlu,1,titanic,5,249,17,12234,71,kaggle,34757,1293,10216,25530,4,2,14,2,13,2,0,4
predictive-analysis-of-survival-rate-on-titanic,beiqiwang,1,titanic,33,145,30,12242,54,kaggle,34757,1293,10216,25530,3,2,1,2,4,2,1,0
titanic-data-processing-with-python-0-813,chuanguy,1,titanic,54,166,29,8307,54,kaggle,34757,1293,10216,25530,1,2,2,2,23,2,12,21
titanic-practice-by-davidcoxon,davidcoxon,1,titanic,109,194,42,7235,75,kaggle,34757,1293,10216,25530,0,2,2,2,22,2,3,1
introduction-to-decision-trees-titanic-dataset,dmilla,1,titanic,36,256,28,29539,63,kaggle,34757,1293,10216,25530,0,2,3,2,3,2,5,0
microsoft-lightgbm-with-parameter-tuning-0-823,garethjns,1,titanic,63,65,15,27410,51,kaggle,34757,1293,10216,25530,16,3,11,2,153,3,15,4
large-families-not-good-for-survival,jasonm,1,titanic,37,120,22,23382,75,kaggle,34757,1293,10216,25530,0,1,3,1,1,1,3,0
titanic-neural-network,liyenhsu,1,titanic,22,137,21,7515,56,kaggle,34757,1293,10216,25530,1,1,4,1,15,1,7,6
my-approach-to-titanic-competition,rafalplis,1,titanic,75,121,35,7613,70,kaggle,34757,1293,10216,25530,1,2,1,2,9,2,5,7
titanic-analysis-learning-to-swim-with-python,sgus1318,1,titanic,20,133,12,8923,72,kaggle,34757,1293,10216,25530,0,1,3,1,1,1,28,4
titanic-by-a-beginner,vaibhavsagar,1,titanic,58,115,29,5224,71,kaggle,34757,1293,10216,25530,0,2,1,2,14,2,8,6
titanic-model-with-90-accuracy,vinothan,1,titanic,6,106,12,4121,66,kaggle,34757,1293,10216,25530,2,2,4,2,33,2,5,3
titaniclearningqi,wikaiqi,1,titanic,58,194,22,8480,72,kaggle,34757,1293,10216,25530,8,1,3,1,10,1,3,4
class-wise-regex-functions-l-b-0-995,neerjad,1,text-normalization-challenge-english-language,13,28,10,3647,61,google,100248363,60,703,73,10,2,5,2,6,2,5,2
pixel-detector-cells,asalzburger,1,trackml-particle-identification,21,37,10,2294,54,cern,0,212,776,95,0,2,1,2,61,2,2,0
a-very-extensive-eda-of-physics-particles-plotly,codename007,1,trackml-particle-identification,29,54,4,5399,58,cern,0,212,776,95,42,3,19,4,440,3,417,10
a-very-extensive-freesound-exploratory-analysis,codename007,1,freesound-audio-tagging,8,55,20,3978,74,None,7586549597,39,644,37,42,3,19,4,440,3,417,10
bayesian-optimization,sionek,1,trackml-particle-identification,1,304,27,5501,66,cern,0,212,776,95,55,3,68,3,321,3,67,6
data-preparation-exploratory-analysis-and-modeling,bhaveshthaker,1,competitive-data-science-predict-future-sales,6,102,10,6636,68,None,14948480,48,2474,187,1,2,6,2,9,2,6,3
feature-engineered-0-68310,asmitavikas,1,kkbox-music-recommendation-challenge,5,179,49,7708,63,kkbox,361666352,69,1253,73,10,2,1,2,8,2,9,2
i-have-to-say-this,kamilkk,1,kkbox-music-recommendation-challenge,1,48,30,7214,71,kkbox,361666352,69,1253,73,8,2,3,2,63,2,10,1
a-different-validation-technique,bminixhofer,1,santander-value-prediction-challenge,3,54,11,2506,73,santander,32980766,260,5002,292,7,3,4,2,67,2,43,0
baseline-with-lag-select-fake-rows-dropped,johnfarrell,1,santander-value-prediction-challenge,3,263,21,5405,72,santander,32980766,260,5002,292,34,3,54,3,115,3,82,154
ensembling-has-always-been-the-answer,prashantkikani,1,santander-value-prediction-challenge,4,189,11,5841,63,santander,32980766,260,5002,292,22,2,29,4,151,3,85,31
rstudio-lgb-single-model-lb1-6607,prashantkikani,1,ga-customer-revenue-prediction,6,101,2,2663,51,rstudio-org,1432984535,366,4655,376,22,2,29,4,151,3,85,31
aggregates-sumvalues-sumzeros-k-means-pca,samratp,1,santander-value-prediction-challenge,10,94,22,4790,60,santander,32980766,260,5002,292,11,3,18,4,307,3,177,76
beginner-guide-to-eda-and-modeling,samratp,1,santander-value-prediction-challenge,10,48,12,3423,58,santander,32980766,260,5002,292,11,3,18,4,307,3,177,76
santander-value-prediction-xgb-and-lightgbm,samratp,1,santander-value-prediction-challenge,16,100,10,5535,58,santander,32980766,260,5002,292,11,3,18,4,307,3,177,76
youtube-8m-analytics,ayoubchebbi,1,youtube8m-2018,11,84,24,7090,58,googleai,532146760,95,424,13,6,2,2,2,23,2,6,3
data-exploration-and-visualisations,beyondbeneath,1,facebook-v-predicting-check-ins,4,95,14,9876,71,facebook,861116093,119,1253,647,7,2,8,2,7,2,3,0
3rd-place-solution-simple-version,rsakata,1,facebook-v-predicting-check-ins,33,45,22,12990,53,facebook,861116093,119,1253,647,22,4,6,3,51,2,402,0
naive-keras,bguberfain,1,carvana-image-masking-challenge,2,145,27,9079,59,carvana,26218775838,156,895,81,23,3,69,3,125,3,121,3
not-so-naive-way-to-convert-bson-to-files,bguberfain,1,cdiscount-image-classification-challenge,3,32,18,3405,52,cdiscount,0,130,778,95,23,3,69,3,125,3,121,3
augmentation-methods,gaborfodor,1,carvana-image-masking-challenge,7,59,2,5181,63,carvana,26218775838,156,895,81,54,5,49,4,440,4,1003,65
69-failure-rate,gaborfodor,1,bosch-production-line-performance,20,31,14,9232,61,bosch,859369359,202,1637,1078,54,5,49,4,440,4,1003,65
multi-gpu-tensorflow-convnet-0-65,blazeka,1,cdiscount-image-classification-challenge,9,75,66,12640,58,cdiscount,0,130,778,95,3,2,2,2,32,2,3,0
data-visualization-and-analysis,vfdev5,1,cdiscount-image-classification-challenge,16,88,17,6107,60,cdiscount,0,130,778,95,17,2,27,3,64,2,8,1
vsb-power-lstm-attention,braquino,1,vsb-power-line-fault-detection,6,119,12,2578,66,Enet-Centre-VSB,10732217622,62,875,52,4,2,3,2,16,2,7,13
basic-eda,go1dfish,1,vsb-power-line-fault-detection,21,47,8,2149,50,Enet-Centre-VSB,10732217622,62,875,52,4,2,2,2,4,2,3,4
dwt-signal-denoising,jackvial,1,vsb-power-line-fault-detection,12,46,12,2410,57,Enet-Centre-VSB,10732217622,62,875,52,4,2,6,2,154,3,0,54
r-xgboost-with-caret-tuning-and-gini-score,captcalculator,1,porto-seguro-safe-driver-prediction,23,60,11,12633,69,porto-seguro,42791471,428,5864,435,18,2,40,4,163,3,183,9
tune-and-compare-xgb-lightgbm-rf-with-hyperopt,eikedehling,1,porto-seguro-safe-driver-prediction,15,63,11,12191,62,porto-seguro,42791471,428,5864,435,6,3,15,3,169,3,24,11
xgboost-starter-0-280,kevinbonnes,1,porto-seguro-safe-driver-prediction,2,38,19,6023,53,porto-seguro,42791471,428,5864,435,11,3,8,3,101,3,17,14
data-exploration-porto-seguro-s-safe-driver,neviadomski,1,porto-seguro-safe-driver-prediction,14,56,15,4768,74,porto-seguro,42791471,428,5864,435,3,2,5,3,20,2,30,6
eda-investigating-trends,peatle,1,porto-seguro-safe-driver-prediction,14,30,11,2881,61,porto-seguro,42791471,428,5864,435,7,1,9,1,21,1,1,3
simple-logistic-model-porto,sudhirnl7,1,porto-seguro-safe-driver-prediction,20,82,26,4979,55,porto-seguro,42791471,428,5864,435,15,2,24,3,77,2,51,91
faster-gini-calculation,tezdhar,1,porto-seguro-safe-driver-prediction,6,24,12,2398,51,porto-seguro,42791471,428,5864,435,19,4,29,3,124,3,196,28
boruta-feature-elimination,tilii7,1,porto-seguro-safe-driver-prediction,2,47,29,7753,53,porto-seguro,42791471,428,5864,435,20,3,31,4,1212,5,439,0
cross-validation-weighted-linear-blending-errors,tilii7,1,mercari-price-suggestion-challenge,8,63,20,3667,65,mercari-team,430558583,369,2782,520,20,3,31,4,1212,5,439,0
use-the-mlr-package-scores-0-649,casalicchio,1,prudential-life-insurance-assessment,13,66,36,30562,59,None,4375769,109,2642,477,22,4,3,2,18,2,5,0
xgboost-in-python-with-rmspe-v2,cast42,1,rossmann-store-sales,49,120,24,35455,53,None,7328470,205,3768,718,8,2,77,3,45,2,16,4
random-forest-example,mlandry,1,rossmann-store-sales,20,190,27,42782,73,None,7328470,205,3768,718,77,4,15,3,124,3,161,4
filling-gaps-in-the-training-set,nsecord,1,rossmann-store-sales,6,23,12,16624,55,None,7328470,205,3768,718,33,3,2,2,15,2,2,0
mean-baseline-lb-59,ceshine,1,favorita-grocery-sales-forecasting,4,49,25,5867,51,Corporaci????n-Favorita,480014355,160,1896,206,102,3,39,3,90,2,113,45
memory-optimization-and-eda-on-entire-dataset,jagangupta,1,favorita-grocery-sales-forecasting,8,67,13,5601,62,Corporaci????n-Favorita,480014355,160,1896,206,8,2,11,3,30,2,118,20
understanding-the-topic-of-toxicity,jagangupta,1,jigsaw-toxic-comment-classification-challenge,11,64,10,4008,58,jigsaw-team,55956017,488,6283,535,8,2,11,3,30,2,118,20
a-first-kaggle-part-1-forecasting-store-47,thepathofd,1,favorita-grocery-sales-forecasting,20,90,9,4394,61,Corporaci????n-Favorita,480014355,160,1896,206,1,2,8,2,22,2,2,1
let-s-add-some-features-for-the-national-holidays,delayedkarma,1,elo-merchant-category-recommendation,3,110,11,2058,54,elobrazil,633810167,258,4038,247,18,2,29,3,198,3,16,34
a-closer-look-at-date-variables,denzo123,1,elo-merchant-category-recommendation,2,29,19,2114,52,elobrazil,633810167,258,4038,247,2,2,2,2,10,2,0,0
feature-engineering-xgboost-lgbm-with-r,juliaflower,1,elo-merchant-category-recommendation,9,39,3,4132,60,elobrazil,633810167,258,4038,247,1,1,2,1,0,1,6,1
elo-merchant-category-recommendation-3-657,loftier,1,elo-merchant-category-recommendation,15,12,2,591,8,elobrazil,633810167,258,4038,247,1,2,2,2,3,2,1,1
r-starter-code-eda-merchant-category-data,shubhammank,1,elo-merchant-category-recommendation,13,64,28,5661,65,elobrazil,633810167,258,4038,247,16,2,36,3,33,2,31,46
hello-elo-ensemble-will-help-you,youhanlee,1,elo-merchant-category-recommendation,1,80,24,2703,50,elobrazil,633810167,258,4038,247,19,3,31,3,255,3,122,25
stratified-sampling-for-regression-lb-1-4627,youhanlee,1,ga-customer-revenue-prediction,8,163,25,5395,75,rstudio-org,1432984535,366,4655,376,19,3,31,3,255,3,122,25
lightgbm-with-mean-encode-feature-0-233,classtag,1,avito-demand-prediction,12,102,9,4753,65,avitoru,0,224,2363,255,8,2,14,3,98,2,10,14
lightgbm-with-ridge-feature,demery,1,avito-demand-prediction,16,95,9,3389,54,avitoru,0,224,2363,255,13,3,2,2,7,2,10,4
nn-model-adding-variables-step-by-step,dhznsdl,1,avito-demand-prediction,24,83,11,3167,55,avitoru,0,224,2363,255,3,2,2,2,11,2,3,1
optimal-expected-submission-value,cpmpml,1,santas-uncertain-bags,6,11,63,4895,58,None,31418,56,763,351,24,5,21,4,3949,5,1487,0
optimizing-probabilities-for-best-mcc,cpmpml,1,bosch-production-line-performance,11,28,18,9645,71,bosch,859369359,202,1637,1078,24,5,21,4,3949,5,1487,0
shopfloor-visualization,gingerman,1,bosch-production-line-performance,11,66,24,15490,70,bosch,859369359,202,1637,1078,9,3,6,2,29,2,1,0
nfl-punt-analytics-starter-kernel,crawford,1,NFL-Punt-Analytics-Competition,3,58,7,2734,53,nfl,1491540752,78,0,193,1,2,43,3,473,3,221,84
ensembling-gbms-lb-203,cttsai,1,statoil-iceberg-classifier-challenge,7,71,14,5686,55,statoil,302191248,217,3677,178,61,3,37,3,180,3,50,59
keras-with-data-augmentation-lb-0-1826,dimitrif,1,statoil-iceberg-classifier-challenge,8,96,12,8975,52,statoil,302191248,217,3677,178,7,2,6,2,23,2,6,0
despeckling-synthetic-aperture-radar-sar-images,jgroff,1,statoil-iceberg-classifier-challenge,7,38,6,4732,61,statoil,302191248,217,3677,178,1,2,4,2,2,2,3,0
association-rules-mining-market-basket-analysis,datatheque,1,instacart-market-basket-analysis,3,241,17,31895,61,instacart,207298414,345,2666,706,0,1,1,1,1,1,5,1
recreating-the-products-by-hour-chart,nigelcarpenter,1,instacart-market-basket-analysis,5,9,12,2977,60,instacart,207298414,345,2666,706,56,4,42,4,290,3,260,6
simple-xgboost-starter,nigelcarpenter,1,mercedes-benz-greener-manufacturing,15,7,11,2467,52,daimler,588525,331,4057,585,56,4,42,4,290,3,260,6
word2vec-for-products-analysis-0-01-lb,omarito,1,instacart-market-basket-analysis,12,99,49,9972,68,instacart,207298414,345,2666,706,4,2,5,2,51,2,4,7
duplicates-of-duplicates,davidthaler,1,quora-question-pairs,6,24,5,2745,57,quora,209546927,291,3944,1744,25,5,13,3,241,3,120,0
spacy-name-entity-recognition,hubert0527,1,quora-question-pairs,40,59,27,11625,51,quora,209546927,291,3944,1744,7,2,3,2,24,2,6,8
unusual-meaning-map,puneetsl,1,quora-question-pairs,12,71,17,4413,57,quora,209546927,291,3944,1744,4,2,1,2,7,2,0,1
1d-cnn-single-model-score-0-14-0-16-or-0-23,rethfro,1,quora-question-pairs,1,71,22,8069,68,quora,209546927,291,3944,1744,2,3,1,2,13,2,3,1
house-prices-eda-to-ml-beginner,dejavu23,1,house-prices-advanced-regression-techniques,101,123,28,6855,68,kaggle,195824,360,4397,6891,6,2,4,2,41,2,13,17
top-7-using-elasticnet-with-interactions,jack89roberts,1,house-prices-advanced-regression-techniques,9,104,23,4404,64,kaggle,195824,360,4397,6891,1,2,3,2,58,2,6,0
predicting-house-prices-regression-techniques,janiobachmann,1,house-prices-advanced-regression-techniques,43,51,32,3961,59,kaggle,195824,360,4397,6891,0,2,15,4,832,3,331,64
regularized-linear-models-in-r,jimthompson,1,house-prices-advanced-regression-techniques,7,42,23,13202,54,kaggle,195824,360,4397,6891,9,2,13,3,85,2,18,0
simple-stacking-approach-top-12-score,josh24990,1,house-prices-advanced-regression-techniques,13,88,48,3641,57,kaggle,195824,360,4397,6891,4,2,5,2,117,3,18,6
lasso-model-for-regression-problem,klyusba,1,house-prices-advanced-regression-techniques,5,116,34,11326,58,kaggle,195824,360,4397,6891,3,2,2,2,11,2,1,0
top-2-of-leaderboard-advanced-fe,laurenstc,1,house-prices-advanced-regression-techniques,3,115,4,4702,58,kaggle,195824,360,4397,6891,0,2,3,2,2,2,7,1
filling-up-missing-values,meikegw,1,house-prices-advanced-regression-techniques,1,75,16,7681,57,kaggle,195824,360,4397,6891,4,1,1,1,6,1,0,0
welcome-to-data-science-in-r-workbook,rtatman,1,house-prices-advanced-regression-techniques,15,9737,16,17038,55,kaggle,195824,360,4397,6891,0,2,186,4,1724,3,2724,27
reach-top-10-with-simple-model-on-housing-prices,vjgupta,1,house-prices-advanced-regression-techniques,4,127,39,4466,69,kaggle,195824,360,4397,6891,0,2,4,2,32,2,11,1
do-managers-matter-some-insights-on-manager-id,den3b81,1,two-sigma-connect-rental-listing-inquiries,2,13,9,3214,55,two-sigma,117366271,212,2519,1546,12,4,35,3,113,2,15,18
improve-perfomances-using-manager-features,den3b81,1,two-sigma-connect-rental-listing-inquiries,5,41,40,7193,70,two-sigma,117366271,212,2519,1546,12,4,35,3,113,2,15,18
how-to-deal-with-features-in-renthop-data,ygtcrt,1,two-sigma-connect-rental-listing-inquiries,2,13,9,4146,51,two-sigma,117366271,212,2519,1546,1,1,2,1,2,1,0,0
eda-and-lstm-with-generator-for-market-and-news,dmitrypukhov,1,two-sigma-financial-news,15,395,17,6217,66,two-sigma,18243,315,3373,390,2,2,8,2,9,2,5,0
lb-0-63-xgboost-baseline,jannesklaas,1,two-sigma-financial-news,7,332,15,5541,61,two-sigma,18243,315,3373,390,4,2,48,2,9,2,31,0
tuning-hyper-params-in-lgbm-achieve-0-66-in-lb,kazuokiriyama,1,two-sigma-financial-news,5,526,19,5990,61,two-sigma,18243,315,3373,390,4,2,1,2,3,2,3,0
the-fallacy-of-encoding-assetcode,marketneutral,1,two-sigma-financial-news,9,54,22,2887,66,two-sigma,18243,315,3373,390,4,2,5,2,151,3,25,35
0-64-in-100-lines,rabaman,1,two-sigma-financial-news,10,153,9,2817,50,two-sigma,18243,315,3373,390,6,2,2,2,2,2,2,0
santander-quick-first-view,donyoe,1,santander-product-recommendation,40,30,18,12086,69,santander,248022735,185,2084,1491,6,2,82,3,61,2,38,0
don-t-mess-with-my-mothjer,fcostartistican,1,jigsaw-toxic-comment-classification-challenge,7,26,13,5661,63,jigsaw-team,55956017,488,6283,535,5,2,2,2,16,2,7,7
wordbatch-fm-ftrl-using-mse-lb-0-9804,ogrellier,1,jigsaw-toxic-comment-classification-challenge,14,71,38,3731,54,jigsaw-team,55956017,488,6283,535,22,4,50,5,1306,4,1072,28
toxic-regression,yekenot,1,jigsaw-toxic-comment-classification-challenge,10,36,6,5575,59,jigsaw-team,55956017,488,6283,535,25,3,13,4,62,2,86,0
explore-ts-with-lstm,yekenot,1,recruit-restaurant-visitor-forecasting,6,113,14,6139,65,recruitholdings,28478681,196,2463,192,25,3,13,4,62,2,86,0
use-keras-pre-trained-vgg16-acc-98,fujisan,1,invasive-species-monitoring,7,199,38,32575,61,None,0,19,532,77,12,3,1,2,7,2,5,0
basic-pure-computer-vision-segmentation-lb-0-229,gaborvecsei,1,data-science-bowl-2018,6,107,7,7469,69,BoozAllenHamilton,375794049,473,4384,162,5,2,11,2,87,2,16,1
exploratory-analysis,jerrythomas,1,data-science-bowl-2018,4,66,4,3976,51,BoozAllenHamilton,375794049,473,4384,162,9,1,24,1,14,1,3,7
stage1-eda-microscope-image-types-clustering,mpware,1,data-science-bowl-2018,4,69,9,4529,58,BoozAllenHamilton,375794049,473,4384,162,6,4,4,2,98,2,10,0
data-augmentation-with-keras-into-cnn,gimunu,1,whale-categorization-playground,18,239,29,14440,74,kaggle,696230633,27,609,41,3,2,5,2,78,3,5,4
lets-play-with-quick-draw,harunshimanto,1,quickdraw-doodle-recognition,5,47,17,2764,66,googleai,78881943537,131,1584,99,3,2,18,3,280,3,86,196
when-in-doubt-convnets,mihaskalic,1,quickdraw-doodle-recognition,3,73,3,3240,52,googleai,78881943537,131,1584,99,27,4,10,3,139,3,166,4
when-in-doubt-convnets,mihaskalic,1,quickdraw-doodle-recognition,3,73,3,3240,52,googleai,78881943537,131,1584,99,27,4,10,3,139,3,166,4
dataset-overview-exploration-and-comments,hrmello,1,PLAsTiCC-2018,8,35,4,3607,66,lsstproject,7451469618,186,1384,146,3,2,12,3,67,2,6,0
mercari-data-analysis,huguera,1,mercari-price-suggestion-challenge,24,94,16,5786,69,mercari-team,430558583,369,2782,520,14,3,4,2,87,2,31,11
beginner-s-guide-to-mercari-in-r-0-50586,jeremiespagnolo,1,mercari-price-suggestion-challenge,79,90,12,7919,61,mercari-team,430558583,369,2782,520,1,2,1,2,8,2,0,2
mercari-price-3rd-0-3905-cv-at-pb-in-3300-s,whitebird,1,mercari-price-suggestion-challenge,3,65,11,3476,54,mercari-team,430558583,369,2782,520,7,4,1,2,11,2,85,7
gru-25-12-12-with-keras-512-64-relu-sgdr-lb0-432,yyll008,1,mercari-price-suggestion-challenge,30,308,13,5193,48,mercari-team,430558583,369,2782,520,39,3,1,2,153,2,21,58
aftershock,jazivxt,1,LANL-Earthquake-Prediction,15,116,13,4157,50,lanl,2429309862,63,1061,81,12,2,13,3,21,2,36,60
i-m-quaking-in-my-boots,mmailloux22,1,LANL-Earthquake-Prediction,1,0,0,28,0,lanl,2429309862,63,1061,81,3,2,2,2,1,2,1,0
shake-it-up,pankajb64,1,LANL-Earthquake-Prediction,2,4,0,53,0,lanl,2429309862,63,1061,81,5,2,11,2,5,2,1,0
preprocessing-pipeline-and-convnet-trainer,jbfarrar,1,passenger-screening-algorithm-challenge,31,138,32,7894,63,dhs,0,147,637,40,3,2,2,2,35,2,24,0
whales-a-simple-guide,jhonatansilva31415,1,humpback-whale-identification,13,59,11,3747,55,kaggle,5909812987,116,2003,140,2,2,4,2,23,2,3,0
cvpr-image-classes,jpmiller,1,cvpr-2018-autonomous-driving,23,153,23,7088,56,cvpr-wad,1.03E+11,57,197,20,95,3,29,4,560,4,147,76
data-preprocessing-and-unet-segmentation-gpu,kmader,1,cvpr-2018-autonomous-driving,4,179,12,6382,51,cvpr-wad,1.03E+11,57,197,20,17,2,343,4,104,2,545,21
basic-starter-kernel-ncaa-women-s-dataset,juliaelliott,1,womens-machine-learning-competition-2018,10,191,6,5537,65,google-cloud,6044631,76,789,42,3,2,4,2,191,3,116,0
2-quick-study-lgbm-xgb-and-catboost-lb-1-66,julian3833,1,ga-customer-revenue-prediction,27,129,8,4580,72,rstudio-org,1432984535,366,4655,376,4,2,8,3,22,2,46,10
tutorial-preprocessing-processing-evaluation,smasar,1,ga-customer-revenue-prediction,28,137,28,6175,69,rstudio-org,1432984535,366,4655,376,4,2,6,3,39,2,9,47
adversarial-validation-and-other-scary-terms,konradb,1,sberbank-russian-housing-market,8,35,38,3558,73,sberbank,23002905,236,3696,1215,86,4,25,3,908,4,238,0
exploratory-analysis-sberbank,philippsp,1,sberbank-russian-housing-market,81,14,11,1724,62,sberbank,23002905,236,3696,1215,4,3,11,3,85,2,384,0
naive-xgb,reynaldo,1,sberbank-russian-housing-market,7,225,29,4857,62,sberbank,23002905,236,3696,1215,3,1,4,1,9,1,0,0
useful-text-preprocessing-on-the-datasets,l3nnys,1,transfer-learning-on-stack-exchange-tags,8,91,25,8009,54,None,51686099,19,622,386,4,2,4,2,11,2,3,2
raddar-goes-ham-with-leak,laurae2,1,predicting-red-hat-business-value,19,36,25,8172,51,None,29210020,99,2433,1132,15,4,42,3,419,4,239,0
fivethirtyeight-elo-ratings,lpkirwin,1,mens-machine-learning-competition-2018,6,102,28,5493,55,google-cloud,264053929,171,1420,89,5,1,1,1,12,1,1,0
fish-detection,narae78,1,the-nature-conservancy-fisheries-monitoring,5,139,18,24184,57,conserveca,0,223,2731,1302,1,2,10,2,9,2,4,4
surprise-me-2-neural-networks-keras,nitinsurya,1,recruit-restaurant-visitor-forecasting,18,184,13,7977,60,recruitholdings,28478681,196,2463,192,4,1,2,1,7,1,3,5
surprise-me-h2o-automl-version,pranav84,1,recruit-restaurant-visitor-forecasting,41,141,18,6577,59,recruitholdings,28478681,196,2463,192,29,3,30,4,431,3,414,109
lightgbm-and-tf-idf-starter,opanichev,1,donorschoose-application-screening,88,69,19,4632,63,donorschoose,204144222,24,624,140,57,4,28,3,76,2,136,52
xgb-starter,opanichev,1,planet-understanding-the-amazon-from-space,16,87,5,4223,58,planet,0,167,1360,431,57,4,28,3,76,2,136,52
1st-place-solution,shadowwarrior,1,donorschoose-application-screening,7,73,22,5558,56,donorschoose,204144222,24,624,140,5,2,3,2,59,2,29,3
getting-started-with-the-donorschoose-data-set,skleinfeld,1,donorschoose-application-screening,15,196,7,8883,58,donorschoose,204144222,24,624,140,1,1,1,1,6,1,1,0
fix-up-city-names,operdeck,1,springleaf-marketing-response,10,25,13,9707,63,None,380284633,169,2508,384,11,3,4,2,35,2,2,1
exploring-mmlm2017,orangutan,1,march-machine-learning-mania-2017,42,28,24,7667,56,None,3729712,64,739,49,6,2,6,3,31,2,5,37
keras-vgg19-starter,orangutan,1,dog-breed-identification,6,190,24,13895,70,kaggle,723322089,41,1411,249,6,2,6,3,31,2,5,37
nyc-taxi-fare-time-series-forecasting,pavanraj159,1,new-york-city-taxi-fare-prediction,19,61,40,3866,59,google-cloud,1674618947,60,1604,217,1,2,17,3,198,2,127,8
a-walkthrough-and-a-challenge,willkoehrsen,1,new-york-city-taxi-fare-prediction,6,123,12,5170,70,google-cloud,1674618947,60,1604,217,7,3,21,4,202,3,826,0
featuretools-for-good,willkoehrsen,1,costa-rican-household-poverty-prediction,22,68,6,3540,49,BID,1547700,23,688,318,7,3,21,4,202,3,826,0
naive-submission-updated-for-stage-2-0-088,petrov,1,inclusive-images-challenge,5,229,0,3274,53,googleai,395110488,77,552,29,23,3,1,2,1,2,1,4
sea-lion-correlations-cv2-template-matching,philschmidt,1,noaa-fisheries-steller-sea-lion-population-count,14,56,10,6363,56,noaa,0,109,479,324,13,2,14,3,15,2,33,0
sea-lion-correlations-cv2-template-matching,philschmidt,1,noaa-fisheries-steller-sea-lion-population-count,14,56,10,6363,56,noaa,0,109,479,324,13,2,14,3,15,2,33,0
sea-lion-coordinates,threeplusone,1,noaa-fisheries-steller-sea-lion-population-count,10,47,58,8743,70,noaa,0,109,479,324,1,1,2,1,43,1,0,0
basic-nlp-bag-of-words-tf-idf-word2vec-lstm,reiinakano,1,msk-redefining-cancer-treatment,6,298,20,24692,73,None,246868569,143,1585,117,1,1,2,1,10,1,1,0
best-loss-function-for-f1-score-metric,rejpalcz,1,human-protein-atlas-image-classification,3,52,20,6588,71,human-protein-atlas,18743487210,231,2717,172,4,2,7,3,61,2,6,0
when-why-are-stocks-bought-and-sold,sankhamukherjee,1,two-sigma-financial-modeling,17,105,22,8875,61,two-sigma,0,258,2416,285,5,1,7,1,29,1,2,0
ridge-lb-0-0100659,ymcdull,1,two-sigma-financial-modeling,18,315,14,11108,51,two-sigma,0,258,2416,285,37,4,68,2,21,2,18,12
visualizing-pca-with-leaf-dataset,selfishgene,1,leaf-classification,12,104,18,9642,71,kaggle,36002208,27,1721,1165,14,4,17,4,168,3,333,109
audio-data-conversion-to-images-eda,timolee,1,tensorflow-speech-recognition-challenge,2,73,5,6979,53,google-brain,0,181,1603,71,12,2,5,3,1,2,12,0
exploration-and-plotting,torrinos,1,dstl-satellite-imagery-feature-detection,15,163,6,11191,63,dstl,21690378761,112,539,539,6,3,6,2,29,2,0,0
from-masks-to-bounding-boxes,voglinio,1,airbus-ship-detection,5,103,9,5514,75,airbus,30631976338,167,1853,137,18,4,9,3,28,2,14,2
sklearn-random-forest,wenxuanchen,1,home-depot-product-search-relevance,3,101,12,32725,62,None,77299165,119,2599,453,5,3,5,2,3,2,2,0
i-have-a-clue-what-i-am-doing-noise-patterns,zeemeen,1,sp-society-camera-model-identification,4,74,5,4304,55,IEEESPCup,11328476556,97,766,25,27,3,10,3,15,2,14,0
